{
  "project_info": {
    "project_number": "496090088240",
    "firebase_url": "https://projet-tdm.firebaseio.com",
    "project_id": "projet-tdm",
    "storage_bucket": "projet-tdm.appspot.com"
  },
  "client": [
    {
      "client_info": {
        "mobilesdk_app_id": "1:496090088240:android:ddc0dc50c9485149",
        "android_client_info": {
          "package_name": "com.gattal.asta.mobileproject"
        }
      },
      "oauth_client": [
        {
          "client_id": "496090088240-8k6suerbt4ncein7rv5ko0crs8433e46.apps.googleusercontent.com",
          "client_type": 1,
          "android_info": {
            "package_name": "com.gattal.asta.mobileproject",
            "certificate_hash": "4dd7c2a91cf07e49d1a0cd9b0620df1879870ced"
          }
        },
        {
          "client_id": "496090088240-jpkfn7ab2104d5vskcnaqh56coqgkb0b.apps.googleusercontent.com",
          "client_type": 3
        }
      ],
      "api_key": [
        {
          "current_key": "AIzaSyB0FxxIn0VM8AeiPFNfRFn97jmzlK4V3bo"
        }
      ],
      "services": {
        "appinvite_service": {
          "other_platform_oauth_client": [
            {
              "client_id": "496090088240-jpkfn7ab2104d5vskcnaqh56coqgkb0b.apps.googleusercontent.com",
              "client_type": 3
            }
          ]
        }
      }
    }
  ],
  "configuration_version": "1"
}